Vehicle Mod,Vehicle,CLASS,MODEL,Skin1,Skin2,Skin3,Skin4,Skin5,Skin6,Skin7,Skin8,Skin9,Skin10,Skin11,Skin12,Skin13,Skin14,Skin15,Skin16
CZL_PoliceLightBar_Vanilla,Car,AUTHORITIES,Olga 24 Police,Police,,,,,,,,,,,,,,,
CZL_PoliceLightBar_Vanilla,Car,AUTHORITIES,Gunter 2 Police,Police,,,,,,,,,,,,,,,
CZL_PoliceLightBar_Vanilla,Car,AUTHORITIES,Ada 4x4 Police,Police,,,,,,,,,,,,,,,
CZL_PoliceLightBar_Vanilla,Car,AUTHORITIES,Sarka 120 Police,Police,,,,,,,,,,,,,,,
THYER5_Sheriff_and_Police_Mod,Car,AUTHORITIES,Deputy's Olga,Police,,,,,,,,,,,,,,,
THYER5_Sheriff_and_Police_Mod,Car,AUTHORITIES,The Police Olga,Police,,,,,,,,,,,,,,,
RTMerica,Car,AUTHORITIES,Washington State Crown Vic,Police,,,,,,,,,,,,,,,
THYER5_Sheriff_and_Police_Mod,Car,AUTHORITIES,Sheriff's Olga,Police,,,,,,,,,,,,,,,
ARMA 2,Helicopter,AUTHORITIES,CH47 Chinook,USMC,BAF,,,,,,,,,,,,,,
ARMA 2,Helicopter,AUTHORITIES,Merlin HC3,Dahoman,Ion,President,Vrana,Wave,,,,,,,,,,,
ARMA 2,Helicopter,AUTHORITIES,MI8 Hip,ACR,Chedaki,Chernarus,Civilian,RAF,Takistan,UN,,,,,,,,,
ARMA 2,Helicopter,AUTHORITIES,UH1H Iroquois,Takistan,,,,,,,,,,,,,,,
ARMA 2,Helicopter,AUTHORITIES,UH1Y Venom,USMC,SAR,ACR,,,,,,,,,,,,,
Expansion,Helicopter,AUTHORITIES,Merlin HC3,Base,,,,,,,,,,,,,,,
Expansion,Helicopter,AUTHORITIES,UH1H Iroquois,Civilian,Medical,Resistance,Uber,,,,,,,,,,,,
DBN_FordRaptor_Scorpio,Truck,AUTHORITIES,Ford Raptor Police,Police,,,,,,,,,,,,,,,
Blackouts Scorpion,ATV/Bike,CIVILIAN,Blackouts Scorpion,Base,AceSpades,Butterfly,EasyRider,Mermaid,Scorcher,,,,,,,,,,
Deerisle,ATV/Bike,CIVILIAN,ATV,Blue,Red,White,Green,Aqua,Pink,,,,,,,,,,
MBM_CanAm,ATV/Bike,CIVILIAN,CanAm Maverick,Desert,Grey,Pink,RedHex,Spetsnaz,,,,,,,,,,,
Expansion,Boat,CIVILIAN,Not Used,,,,,,,,,,,,,,,,
RedFalcon,Boat,CIVILIAN,Seadoo,Green,Camo,Orange,,,,,,,,,,,,,
RedFalcon,Boat,CIVILIAN,Dragboat,Black,Red,,,,,,,,,,,,,,
RedFalcon,Boat,CIVILIAN,Whaler,Base,,,,,,,,,,,,,,,
RedFalcon,Boat,CIVILIAN,Zodiac,Black,Orange,,,,,,,,,,,,,,
RedFalcon,Boat,CIVILIAN,Carpboat,Base,,,,,,,,,,,,,,,
Vanilla,Boat,CIVILIAN,Zodiac,Blue,Black,Orange,Camo,,,,,,,,,,,,
[CrSk]_BWM_525i_E34,Car,CIVILIAN,BMW 525i E34,BeaterBlue,BeaterBlack,Black,Green,Grey,Purple,Red,,,,,,,,,
Vanilla,Car,CIVILIAN,Olga,White,Brown,Black,,,,,,,,,,,,,
Vanilla,Car,CIVILIAN,Gunter 2,Red,Black,Blue,BlueRust,BlackRust,RedRust,,,,,,,,,,
MBM_2012DodgeCharger,Car,CIVILIAN,Dodge Charger,Grey,White,Black,Camo,,,,,,,,,,,,
Vanilla,Car,CIVILIAN,Ada,Blue,Green,White,BlueRust,GreenRust,WhiteRust,,,,,,,,,,
Vanilla,Car,CIVILIAN,Sarka,Yellow,Red,Grey,YellowRust,RedRust,GreyRust,,,,,,,,,,
ARMA 2,Helicopter,CIVILIAN,MH6 Little Bird,Blueline,Digital,Elliptical,Furious,GrayWatcher,Jeans,Resistance,Shadow,Sherrif,Speedy,Sunset,Vrana,Wasp,Wave,Mango,Green
Expansion,Helicopter,CIVILIAN,BigGyrocopter,Base,,,,,,,,,,,,,,,
Expansion,Helicopter,CIVILIAN,Gyrocopter,Base,,,,,,,,,,,,,,,
Expansion,Helicopter,CIVILIAN,MH6 Little Bird,Blueline,Digital,Elliptical,Furious,GrayWatcher,Jeans,Resistance,Shadow,Sherrif,Speedy,Sunset,Vrana,Wasp,Wave,,
DBN_FordRaptor_Scorpio,Truck,CIVILIAN,Ford Raptor Scorpio,UA Black,UA Camo,Green,Oldbody,UA2 Camo,Zombi,,,,,,,,,,
Expansion,Truck,CIVILIAN,ExpansionBus,White,Red,Weeb,,,,,,,,,,,,,
Expansion,Truck,CIVILIAN,Land Rover,Green,Grey,Red,Blue,Orange,,,,,,,,,,,
Expansion,Truck,CIVILIAN,Cator 2009,Red,,,,,,,,,,,,,,,
FordBroncoXLT,Truck,CIVILIAN,Ford Bronco,Black,Hunter,,,,,,,,,,,,,,
MBM_ChevySuburban1989,Truck,CIVILIAN,Cheverolet Suburban,Green,BlackSplatter,Black,BlackScratched,Camo,Grey,,,,,,,,,,
MBM_DodgeRam50,Truck,CIVILIAN,Dodge Ram 50,RealTree,Dark,Camo,Black,,,,,,,,,,,,
MBM_DodgeRamRebel,Truck,CIVILIAN,Dodge Ram Rebel,Grey,,,,,,,,,,,,,,,
RTMerica,Truck,CIVILIAN,Chevrolet Van,Black,White,,,,,,,,,,,,,,
Expansion,APC,MILITARY,Vodnik,Camo,,,,,,,,,,,,,,,
ARMA 2,Helicopter,MILITARY,AH1Z Viper,Base,,,,,,,,,,,,,,,
ARMA 2,Helicopter,MILITARY,AH64 Apache,USMC,BAF,,,,,,,,,,,,,,
ARMA 2,Helicopter,MILITARY,AW159 Wildcat,BAF,UN,Marine,,,,,,,,,,,,,
ARMA 2,Helicopter,MILITARY,Kamov KA52,Black,Woodland,,,,,,,,,,,,,,
ARMA 2,Helicopter,MILITARY,MI24 Hind,Chernarus,ION,Takistan,UN,ACR,,,,,,,,,,,
ARMA 2,Helicopter,MILITARY,MI8 Attack,UN,Takistan,Chernarus,RAF,ACR,Civilian,Chedaki,,,,,,,,,
ARMA 2,Helicopter,MILITARY,UH60 Blackhawk,Green,MEV,,,,,,,,,,,,,,
Gerphelius Zil-130,Transport,MILITARY,Zil-130 Flatbed,Blue,Green,,,,,,,,,,,,,,
Vanilla,Transport,MILITARY,M3S Covered,Green,,,,,,,,,,,,,,,
Expansion,Utility,MILITARY,UAZ 469,Green,Yellow,Black,GreenCargo,YellowCargo,BlackCargo,,,,,,,,,,
Expansion,Utility,MILITARY,UAZ 469 Roofless,Green,Yellow,Black,GreenCargo,YellowCargo,BlackCargo,,,,,,,,,,
Vanilla,Utility,MILITARY,M1025,Camo,,,,,,,,,,,,,,,
Zeroy-JeepWillys ,Utility,MILITARY,Jeep Willys,Camo,DigiCamo,MB,Army,Dirty,,,,,,,,,,,
